"session_ID","island_code","site_code","lat","long","start","end","tot_precip","wind_u","wind_v","wave_height","wave_dir","wave_period","tot_cloud","low_cloud","pressure","surface_pressure","sst","temp_c","dew_point","Moonup","MoonAltitude","Illu"
"1994-04-15_ANI_EAI_N","ANI","EAI_N",34.016411,-119.362333,1994-04-15 20:36:00,1994-04-16 04:50:00,0,3.7064548158479,0.469437116906671,0.84794198366997,247.915951763841,9.31180895632421,0.353967466772466,0.0285817832237194,1017.64941984334,1015.55899113805,14.0127171727591,285.758565170872,11.1353348856608,0.233558948935429,-2.22975693641631,0.233558948935429
"1994-04-16_ANI_EAI_S","ANI","EAI_S",34.014217,-119.365644,1994-04-16 20:30:00,1994-04-16 21:26:00,0,5.00727700668334,-0.125181208044978,0.893976456748661,263.657402021926,8.32568205484459,0.964969302997472,0.00457275978005992,1016.66086153318,1014.60512391658,14.0277110990658,286.767795265348,11.8046166550844,0.307877170112295,42.7490800384128,0.307877170112295
"1994-04-17_ANI_EAI_SW","ANI","EAI_SW",34.013008,-119.374161,1994-04-17 20:26:00,1994-04-18 03:00:00,0,5.5432294400534,-1.04674268803185,1.17226032181714,276.865755322814,6.29717419347371,0.126244601956266,0.0215206460867044,1014.16241081545,1012.1146415451,13.9679511337859,288.231246073457,11.9994520281358,0.414307872758873,22.3640742942243,0.414307872758873
"1994-05-02_ANI_EAI_N","ANI","EAI_N",34.016411,-119.362333,1994-05-02 21:30:00,1994-05-03 03:40:00,0,1.55264307213345,-0.988971068625422,1.44096179985006,288.881802960031,6.67983877315039,0.218650336471701,0.0689404574794378,1013.36598333747,1011.28735652028,13.5823159787757,286.932924270252,11.6624526339554,0.428368520930901,-19.4613118041562,0.428368520930901
"1994-05-02_ANI_EAI_W","ANI","EAI_W",34.016017,-119.359978,1994-05-02 21:14:00,1994-05-03 04:05:00,0,1.18815332894439,-0.785112495510261,1.42525378339784,288.72870374158,6.70172450201961,0.256474685357843,0.110003102762476,1013.36899439341,1011.2893314437,13.5823159787757,286.846623596341,11.6661048790733,0.42629210062705,-13.7961690653977,0.42629210062705
"1994-05-03_ANI_CC","ANI","CC",34.014197,-119.371283,1994-05-03 20:30:00,1994-05-04 02:20:00,0,1.78785928980546,-0.142312895035992,1.24962552336917,287.301547999214,6.45709531105885,0.030939564799414,0.030939564799414,1012.63763882617,1010.5654700399,13.7244886037557,287.129159901261,11.9462032061116,0.335570558530046,-34.5459452004192,0.335570558530046
"1994-05-04_ANI_EAI_N","ANI","EAI_N",34.016411,-119.362333,1994-05-04 20:30:00,1994-05-05 05:20:00,8.02040089513941e-06,5.09168584123822,-0.68299481063533,1.08702041454745,278.504386213072,6.24337948545556,0.983014803090185,0.460563241559076,1011.83966270593,1009.7593611078,13.9260256707797,287.099260029054,12.23109352189,0.241890117176565,-21.0275762373977,0.241890117176565
"1994-05-04_ANI_EAI_SW","ANI","EAI_SW",34.013008,-119.374161,1994-05-05 03:00:00,1994-05-05 05:20:00,1.3592388429342e-05,4.12826496995269,-0.622042641173954,0.994172794214436,278.558657276616,6.6817477590603,0.961271420505699,0.694104496970992,1012.20983334613,1010.1282843615,13.9260256707797,286.719096202884,12.5182177351677,0.229842556416864,15.5267792993123,0.229842556416864
"1994-05-05_ANI_CC","ANI","CC",34.014197,-119.371283,1994-05-05 20:43:00,1994-05-06 04:20:00,3.35932843930657e-06,3.40579913394901,0.0305088426644305,0.857538552650311,268.392080651287,8.48037366490794,0.137360566432179,0.0811705552927533,1013.46490511889,1011.37697646606,14.1768952723187,286.21743988358,11.2962484492024,0.166293696833499,-28.3000300042979,0.166293696833499
"1994-05-14_ANI_RR","ANI","RR",34.013764,-119.442644,1994-05-14 20:34:00,1994-05-15 01:45:00,0,4.2801965018108,-0.384956125708089,1.18634507026724,276.686246379541,8.2871251777737,0.0367099672792988,0.0367099672792988,1011.80195758244,1012.80138032829,14.4660587144252,287.010205329966,11.7687874574863,0.183054719704445,5.25613791022273,0.183054719704445
"1994-06-07_ANI_EAI_N","ANI","EAI_N",34.016411,-119.362333,1994-06-07 21:05:00,1994-06-08 03:00:00,0,0.407400060105042,-0.657654201796184,1.45320430597953,287.377380885823,6.83793317556715,0.0126479352823332,0,1010.82394187852,1008.77716946179,16.2148467236628,289.550781613232,13.1550283173449,0.01051550598466,-29.4008126866024,0.01051550598466
"1994-06-16_SBI_AP","SBI","AP",33.487622,-119.028535,1994-06-17 01:36:00,1994-06-17 02:40:00,0,4.0137775458339,-1.5700810087892,1.41119816630173,280.207905560397,7.38156785299703,0.0104171435256537,0.0104171435256537,1014.11812983217,1016.13350675423,18.0588719338862,289.464342586106,13.1007027089654,0.561559129502877,-11.162969607553,0.561559129502877
"1994-07-03_SBI_AP","SBI","AP",33.487622,-119.028535,1994-07-04 00:30:00,1994-07-04 03:30:00,3.91610256328511e-06,6.53496866214991,-3.42024652329936,1.79708270037181,279.445268840541,7.03700873342812,0.288474509025987,0.288474509025987,1011.1212010323,1013.13445042002,18.8984299298636,289.399687716971,13.8728349428466,0.18738356423781,-5.12793393354203,0.18738356423781
"1994-07-12_SBI_ESP","SBI","ESP",33.482528,-119.041599,1994-07-12 23:35:00,1994-07-13 02:35:00,4.78302603149246e-07,3.85050102046333,-0.89682979926308,0.982749447131735,250.129579638618,8.21640416495513,0.625428410113988,0.625428410113988,1012.75632281064,1014.77293004097,18.3419407224939,289.796189246228,14.3719149980377,0.212083140095563,-28.3203478299262,0.212083140095563
"1994-07-13_SBI_AP","SBI","AP",33.487622,-119.028535,1994-07-14 00:00:00,1994-07-14 03:00:00,1.43864454853497e-06,2.64556582234921,-0.397672805098087,1.14398918337177,256.832075721272,8.88503744086933,0.915328918254925,0.914894022858712,1011.41220271895,1013.42495126024,18.4430388587024,289.841833622014,14.2461602457505,0.312210231777218,-28.3547354956569,0.312210231777218
"1994-08-09_SBI_WCliffs","SBI","WCliffs",33.477633,-119.042881,1994-08-09 11:15:00,1994-08-10 02:15:00,0,3.69491784155312,-0.809208384554987,1.07852238357297,238.964985203175,8.43309633618667,0.308289222942011,7.36045871814913e-05,1013.36356018824,1015.34285258449,18.9138225520525,291.923056474022,16.8261321802148,0.0912408006425476,10.4438445137284,0.0912408006425476
"1994-08-12_SBI_ESP","SBI","ESP",33.482528,-119.041599,1994-08-12 22:50:00,1994-08-13 02:00:00,0,0.190446935824854,1.10891240491767,1.11684003422865,237.659470681391,9.37206228689349,0.0921612012268628,0.00100102238566829,1011.61755546061,1013.59346419933,19.47352670765,292.27192483549,17.470704665478,0.392022424462624,-10.5297658032126,0.392022424462624
"1994-08-14_SBI_WCliffs","SBI","WCliffs",33.477633,-119.042881,1994-08-15 00:20:00,1994-08-15 03:20:00,0,2.80692104136853,1.20862477465991,1.21505568657951,196.236637395226,10.6666272768041,0.0570338608029542,0,1011.43751850594,1013.40686511948,20.2823717250815,293.206562999808,17.7226518316034,0.629659717030407,-14.4327683991698,0.629659717030407
"1995-04-25_SBI_WP","SBI","WP",33.481075,-119.046301,1995-04-25 22:00:00,1995-04-25 23:00:00,0,5.08285843339536,-1.16248357402406,1.56023653289304,279.291060321333,7.20275566369919,0.178658080661651,0.00148017029588146,1011.56361954092,1013.5892294531,14.0117416566169,286.797219973948,11.1975222217033,0.118225863823851,-54.3701671088626,0.118225863823851
"1995-05-14_SBI_ESP","SBI","ESP",33.482528,-119.041599,1995-05-14 23:00:00,1995-05-15 02:00:00,1.93513387646556e-05,-1.32263735544057,5.21480963566407,1.50886291362361,247.232903909671,10.0793808602007,0.660484030946241,0.133951596905376,1012.77413840164,1014.79742674015,14.5705302407677,287.714081688359,10.6726686464477,0.996765528599017,35.0085883328628,0.996765528599017
"1995-06-03_SBI_ESP","SBI","ESP",33.482528,-119.041599,1995-06-03 23:07:00,1995-06-04 02:10:00,1.15429038245324e-06,4.16784509594753,-1.22791286438993,1.64713040572496,277.50831547647,7.94872580666465,0.94154700685151,0.931726000640898,1013.69216325172,1015.72194910389,15.315005556202,287.1833252389,12.4211518537774,0.291601648953313,-12.5399217574802,0.291601648953313
"1996-07-17_SBI_NCliffs","SBI","NCliffs",33.488461,-119.030192,1996-07-17 23:00:00,1996-07-18 02:20:00,NA,NA,NA,NA,NA,NA,NA,NA,NA,NA,NA,NA,NA,0.062638531956242,-36.1901607073211,0.062638531956242
"2004-06-22_SCI_SR","SCI","SR",34.047666,-119.547674,2004-06-22 21:35:00,2004-06-23 02:13:00,4.76305988982321e-07,1.68324676486862,1.05948180775806,0.89874688499406,271.05217092478,7.29622229847976,0.169304014771184,0.169304014771184,1013.08225758397,1014.08688260113,17.4804696366597,289.276763199729,13.8310994087302,0.252525268684182,0.683100508333173,0.252525268684182
"2004-06-23_SCI_SR","SCI","SR",34.047666,-119.547674,2004-06-23 21:30:00,2004-06-24 03:10:00,0,2.29339953691143,0.962402299277311,0.915835505237761,269.371619139489,6.95026999202195,0.343479620954328,0.178215555521646,1015.61066350756,1016.60470010338,17.5147264536172,289.356952012894,14.0112310787942,0.346662830012936,0.210060395108005,0.346662830012936
"2004-06-24_SCI_SR","SCI","SR",34.047666,-119.547674,2004-06-24 21:30:00,2004-06-25 01:56:00,0,2.98319108106632,0.598254112808797,1.10672208534434,277.413499134187,6.38075945585803,0.0066531365876734,0.0066531365876734,1014.20607814479,1015.18395128218,17.6073491304099,290.464632005362,14.2242165978013,0.443622905316345,16.4142492811349,0.443622905316345
"2004-07-17_SBI_AP","SBI","AP",33.487622,-119.028535,2004-07-17 21:31:00,2004-07-18 02:36:00,0,4.24975814737343,-1.90981984783844,1.08004518517615,220.195825142336,8.08702075056315,0.0370086172506327,0,1013.44047419811,1015.43289373293,20.1735078980465,292.750522580504,16.2839609968285,0.00656459267282811,-22.4830148787661,0.00656459267282811
"2004-07-18_SBI_AP","SBI","AP",33.487622,-119.028535,2004-07-18 21:31:00,2004-07-19 02:30:00,0,5.95779358522995,-2.66306907556531,1.28630165387266,259.561942328003,6.92149051454788,0.0645628919780874,0.00959167791145573,1012.89458405498,1014.88518370516,20.0206772495634,293.2066485531,16.442698150141,0.0316865439715293,-21.0465881441381,0.0316865439715293
"2004-07-18_SBI_ESP","SBI","ESP",33.482528,-119.041599,2004-07-18 21:45:00,2004-07-19 02:41:00,0,5.95779358522995,-2.66306907556531,1.28630165387266,259.561942328003,6.92149051454788,0.0645628919780874,0.00959167791145573,1012.89458405498,1014.88518370516,20.0206772495634,293.2066485531,16.442698150141,0.0316865439715293,-21.04456858793,0.0316865439715293
"2004-07-19_SBI_ESP","SBI","ESP",33.482528,-119.041599,2004-07-19 21:30:00,2004-07-20 02:30:00,1.3608742542352e-07,6.7943796415929,-2.61675486173411,1.54558823374259,276.911791912476,6.57930245719635,0.0360777885078619,0.0360777885078619,1012.31927305436,1014.31549200403,19.8417984930918,292.367839113436,16.6686106990586,0.0753444857611499,-18.8712963029353,0.0753444857611499
"2004-07-21_SCI_SR","SCI","SR",34.047666,-119.547674,2004-07-21 21:30:00,2004-07-22 02:50:00,1.56500539237036e-06,5.45575278689777,0.106180906399204,0.974420787166627,275.406361187454,5.82567258112353,0.634618109523882,0.634618109523882,1012.05203813073,1013.04311947797,18.3614192342493,289.99536166182,15.4937751248272,0.213897506812693,-11.6772447095097,0.213897506812693
"2004-07-22_SCI_SR","SCI","SR",34.047666,-119.547674,2004-07-22 21:30:00,2004-07-23 03:05:00,2.14337695042034e-06,5.00182738964898,0.0875782602435419,0.956380607486235,276.239393488923,6.12160061379954,0.450042345078052,0.450042345078052,1011.04268790867,1012.03663360921,18.3077071306801,289.474117704978,15.0825798513506,0.307167269317145,-12.8521547700557,0.307167269317145
"2004-08-14_SBI_AP","SBI","AP",33.487622,-119.028535,2004-08-14 21:30:00,2004-08-15 02:33:00,0,5.19855774510945,-2.0724709559361,1.16105706845598,277.426762954474,6.10157068435687,0.132310657008138,0.132310657008138,1014.19633463838,1016.20261866159,20.5346910926854,291.991290674071,16.2056085185932,0.00581912234751376,-28.413635317158,0.00581912234751376
"2004-08-15_SBI_AP","SBI","AP",33.487622,-119.028535,2004-08-15 21:36:00,2004-08-16 01:34:00,0,0.933009110326374,-0.248534817621133,1.03243036479849,276.704228148737,6.84233422352177,0.0568517642510898,0.0568517642510898,1013.44167967379,1015.43826703086,20.4213850547108,292.442289304675,16.5898442548,0.000540735542718144,-29.4622652452438,0.000540735542718144
"2004-08-15_SBI_ESP","SBI","ESP",33.482528,-119.041599,2004-08-15 21:03:00,2004-08-16 02:31:00,0,0.654422015458123,0.0552720284974484,1.02838930790448,276.34672741328,6.91129365401051,0.0618270838465244,0.0618270838465244,1013.45412417081,1015.45121179406,20.4213850547108,292.383576793192,16.5699362524049,0.000657347963975803,-30.2403184153717,0.000657347963975803
"2004-08-16_SBI_AP","SBI","AP",33.487622,-119.028535,2004-08-16 21:30:00,2004-08-17 01:30:00,0,1.15505104231229,0.744647767870146,0.935574812183618,253.787759229944,8.83793603141348,0.733485419559611,0.00520857176282686,1014.45624607068,1016.45211065417,20.2906597484908,292.615626065606,17.0108100672592,0.0153001580712834,-29.0061532245989,0.0153001580712834
"2004-08-16_SBI_ESP","SBI","ESP",33.482528,-119.041599,2004-08-16 21:00:00,2004-08-17 02:37:00,0,1.07599183954382,0.871651940553752,0.93743554319042,253.562188435104,8.86326887421799,0.761744900606238,0.124541397899859,1014.45524906072,1016.45284337662,20.2906597484908,292.562915211658,17.0022296805936,0.0158474065933812,-31.0569223532799,0.0158474065933812
"2004-08-18_SCI_SR","SCI","SR",34.047666,-119.547674,2004-08-18 20:51:00,2004-08-19 02:31:00,9.52611977964642e-07,0.487884993686536,2.31701264721866,0.788715184472869,244.81099667622,9.25668554448427,0.0905288175423069,0.0905288175423069,1013.18775256717,1014.18634967307,19.313629474661,290.370754226401,15.3497996235742,0.106352590293509,-22.4846795361609,0.106352590293509
"2004-08-19_SCI_SR","SCI","SR",34.047666,-119.547674,2004-08-19 20:45:00,2004-08-20 02:31:00,5.95382486227901e-08,2.33595887419124,1.08506259997088,0.711428833405189,245.93516339423,8.52477655216053,0.513485572154487,0.0150801886072666,1014.0137254668,1015.00924277416,19.4375034174894,290.522618390377,14.2855635399643,0.180557981006343,-18.8819168992033,0.180557981006343
"2005-05-28_SMI_PI","SMI","PI",34.056323,-120.332024,2005-05-28 22:35:00,2005-05-29 02:00:00,0,8.00481389929799,-7.8234849432315,1.7184962718149,303.205494310224,5.87817455890106,0.143732165473883,0.00450460073550731,1012.98472575077,1012.40855397853,13.1379587539925,286.550977486414,10.752318074869,0.638764772016067,-14.0815546124361,0.638764772016067
"2005-05-29_SMI_PI","SMI","PI",34.056323,-120.332024,2005-05-29 21:57:00,2005-05-30 02:30:00,0,8.5716438451207,-7.58009039942883,1.86294900910959,300.999159598187,5.83769281660662,0.124594806106411,0.117191774700206,1013.8792316412,1013.3056126548,13.254000454238,286.622637431952,11.9066374181233,0.525597962172779,-20.9497230676267,0.525597962172779
"2005-05-31_SCI_SR","SCI","SR",34.047666,-119.547674,2005-05-31 21:30:00,2005-06-01 02:00:00,7.90088748971142e-07,1.60091620736453,1.86890471213287,1.03987264266056,279.293143834738,7.67023225734901,0.496200387590985,0.496200387590985,1011.57577307743,1012.58214375773,16.172515211752,288.205677343023,13.4791044849999,0.309283126079675,-34.5134724940372,0.309283126079675
"2005-06-01_SCI_SR","SCI","SR",34.047666,-119.547674,2005-06-01 21:30:00,2005-06-02 02:00:00,1.28483479892217e-05,-0.193336372607748,1.88538125080607,1.08627300416615,280.834852434462,8.99704757026473,0.825149161491157,0.825149161491157,1009.15498661934,1010.16036680947,16.1902727015477,287.94635336147,13.385996254305,0.214176850698517,-35.5771551349712,0.214176850698517
"2005-06-02_SCI_SR","SCI","SR",34.047666,-119.547674,2005-06-02 21:30:00,2005-06-03 02:00:00,1.26037967097778e-06,4.90353100221215,-0.401098718606759,1.189796015368,286.621974224654,7.91072311185261,0.267971861504891,0.267971861504891,1009.49008694093,1010.49623975389,16.1293938743271,287.761528386402,12.3307696397627,0.133861688848422,-34.846865462528,0.133861688848422
"2005-07-01_SMI_PI","SMI","PI",34.056323,-120.332024,2005-07-01 22:23:00,2005-07-02 00:28:00,6.41947108539077e-06,5.00311324066436,-3.79424764819947,1.13951530964825,295.354156512564,7.17128551071895,0.999889368714999,0.999889368714999,1012.86470833874,1012.29033335304,14.0143454062803,286.446863280818,12.7817310547874,0.164325605440717,-27.1722742997437,0.164325605440717
"2005-07-02_SMI_PI","SMI","PI",34.056323,-120.332024,2005-07-02 21:29:00,2005-07-03 02:35:00,3.95044374485555e-07,5.45137962083304,-4.39675331951041,1.31613814010515,302.243397852614,7.1855821778281,0.686858965275946,0.686858965275946,1012.69649660422,1012.12144674521,13.8315579160439,286.308233259508,12.5835126021984,0.0959719241525277,-22.1110680917329,0.0959719241525277
"2005-07-03_SMI_PI","SMI","PI",34.056323,-120.332024,2005-07-03 21:50:00,2005-07-04 04:00:00,6.13729653218653e-07,4.95325675016575,-5.12264508556225,1.36553872747672,301.211340345562,6.97584350753771,0.860286039094807,0.860286039094807,1013.68923759189,1013.11323245898,13.6465891908406,286.385140801259,12.6244214510668,0.0451286392588967,-19.7165764151846,0.0451286392588967
"2005-07-07_SCI_SR","SCI","SR",34.047666,-119.547674,2005-07-07 21:32:00,2005-07-08 02:48:00,0,3.44820460448561,0.445389049338958,1.04443683969691,262.844354508563,7.44684942978355,0.08334078141656,0.08334078141656,1012.96866803339,1013.96191883969,16.5904733888942,288.699728139711,13.7727614517984,0.0290214394019186,-18.231924224672,0.0290214394019186
"2005-07-08_SBI_AP","SBI","AP",33.487622,-119.028535,2005-07-08 21:36:00,2005-07-09 02:36:00,0,3.76437743334196,-1.88722701831413,1.35740794435819,255.02897175146,7.93353647112141,0.157669745449948,0.157669745449948,1013.08949785795,1015.10706980507,17.914399120223,289.807323189033,14.8208941059067,0.0693022878972791,-16.4911377456848,0.0693022878972791
"2005-07-08_SBI_ESP","SBI","ESP",33.482528,-119.041599,2005-07-08 21:45:00,2005-07-09 03:00:00,0,3.76437743334196,-1.88722701831413,1.35740794435819,255.02897175146,7.93353647112141,0.157669745449948,0.157669745449948,1013.08949785795,1015.10706980507,17.914399120223,289.807323189033,14.8208941059067,0.0693022878972791,-16.4874248930033,0.0693022878972791
"2005-07-08_SCI_SR","SCI","SR",34.047666,-119.547674,2005-07-08 21:35:00,2005-07-09 03:56:00,1.69304731922318e-07,3.69642866494762,-0.155579497845357,1.14711583193152,267.004641513983,7.10628596717787,0.0495590008087528,0.0495590008087528,1012.63514887299,1013.62436831205,16.7111124613009,289.12131965822,14.4290971457799,0.0703285154885998,-18.392241599793,0.0703285154885998
"2005-07-09_SBI_AP","SBI","AP",33.487622,-119.028535,2005-07-09 23:24:00,2005-07-10 03:30:00,1.50493095042133e-07,3.12432834186591,-1.69378654743828,1.29749404592075,264.420438257272,7.11555503752154,0.63802206521905,0.63802206521905,1012.1308157881,1014.1459482341,17.9109594804673,289.736753105703,14.7179491917032,0.128994752605346,-27.1374120822425,0.128994752605346
"2005-07-09_SBI_ESP","SBI","ESP",33.482528,-119.041599,2005-07-09 21:30:00,2005-07-10 03:04:00,1.12869821281599e-07,3.7453263767828,-1.75391338390824,1.30955181624272,264.056782658447,7.1229490505378,0.575414295087971,0.575414295087971,1012.21817218758,1014.23448899791,17.9109594804673,289.777348214965,14.7113450032469,0.126377645375411,-17.1485790325695,0.126377645375411
"2005-07-09_SCI_SR","SCI","SR",34.047666,-119.547674,2005-07-09 21:30:00,2005-07-10 03:00:00,2.57988162929246e-07,3.71696147035027,0.0947905018192871,1.12738970773947,271.10318790905,6.49443045768825,0.121404483237453,0.121404483237453,1011.80001128521,1012.78933270806,16.8355826771754,289.46898419737,14.3873376403188,0.125049347635969,-12.9512436967538,0.125049347635969
"2005-07-31_SBI_AP","SBI","AP",33.487622,-119.028535,2005-07-31 21:00:00,2005-08-01 02:04:00,2.57988162929246e-07,6.17900546468345,-0.994433106373239,1.15740006127027,272.981159527643,5.93464085709392,0.191050964508612,0.191050964508612,1013.62611353522,1015.63225727333,18.6553478597893,291.006412471818,15.9727140654267,0.129155610552533,-17.8544029599679,0.129155610552533
"2005-08-01_SBI_AP","SBI","AP",33.487622,-119.028535,2005-08-01 21:00:00,2005-08-02 02:04:00,0,4.81549768856949,-0.683947457459357,0.97995487615379,268.263871672341,6.43568441757927,0.15587130584155,0.15587130584155,1012.85641220427,1014.8619348131,18.6936872590173,290.854042509475,15.8738523028683,0.0718688494098413,-21.1277739387302,0.0718688494098413
"2005-08-02_SBI_ESP","SBI","ESP",33.482528,-119.041599,2005-08-02 21:00:00,2005-08-03 02:04:00,0,1.08268596338551,1.02758991504707,0.91290875697227,256.468632166789,8.67724364538178,0.366583030141848,0.352614059219891,1013.0530319144,1015.05433727773,18.866200573268,290.747464823901,15.9191381665684,0.0305807371980688,-23.8387224699781,0.0305807371980688
"2005-08-06_SMI_PI","SMI","PI",34.056323,-120.332024,2005-08-06 21:00:00,2005-08-07 01:45:00,0,4.62711220815398,-2.97447720077203,1.03182896128877,286.83816454888,7.72043179423188,0.0193719194909435,0.0193719194909435,1012.58406876593,1012.01972284956,16.0483973492184,288.715579312438,14.3870901765827,0.0413116548459352,-23.4966253801113,0.0413116548459352
"2005-08-07_SMI_PI","SMI","PI",34.056323,-120.332024,2005-08-07 21:00:00,2005-08-08 01:45:00,2.37967206535358e-06,4.65462625040467,-2.95856449802301,1.02718447061966,294.582546165152,6.94234916501997,0.925949521615064,0.925949521615064,1012.70141871271,1012.1298791989,16.0881964980013,288.133443865024,14.5102961841766,0.0877926675809906,-21.0515390927175,0.0877926675809906
"2005-08-09_SCI_SR","SCI","SR",34.047666,-119.547674,2005-08-09 21:00:00,2005-08-10 02:02:00,0,2.1615983481817,0.835295015572735,0.538315190216296,263.042570819225,6.49369108193167,0.204862980701108,0.0912887945222799,1014.73480524125,1015.7270333022,19.19953801951,291.165556439599,16.2923134805562,0.228166005779268,-19.830498297808,0.228166005779268
"2005-08-10_SCI_SR","SCI","SR",34.047666,-119.547674,2005-08-10 20:56:00,2005-08-11 01:49:00,0,3.73095714850223,0.329936931531133,0.553926967596591,262.495860071068,5.98844362462801,0.0507486958587931,0.0374555022442346,1014.4845186708,1015.47797900077,19.2392476817301,290.769593241668,15.539899991047,0.313118448244502,-3.70166488140693,0.313118448244502
"2006-04-29_SCI_SR","SCI","SR",34.047666,-119.547674,2006-04-29 21:00:00,2006-04-30 02:01:00,1.31977360651057e-07,4.25975170015876,0.0288288478498356,0.866730320423265,263.892295323824,7.81183514024789,0.247153560583436,0.247153560583436,1015.3292901191,1016.34371346306,15.0597281118446,286.599599126789,11.9293692332155,0.078443487799569,-11.4399934703534,0.078443487799569
"2006-04-30_SCI_SR","SCI","SR",34.047666,-119.547674,2006-04-30 21:00:00,2006-05-01 02:00:00,8.13860390676789e-07,1.57677612146355,2.12143431793085,0.924192457629089,271.087456920587,8.9484294491176,0.659253098947604,0.55454249512968,1012.47331346421,1013.47641591355,15.1089716282115,286.709814434994,12.7736893316449,0.144482811237443,0.867102294725185,0.144482811237443
"2006-06-02_SCI_SR","SCI","SR",34.047666,-119.547674,2006-06-02 22:30:00,2006-06-03 03:00:00,1.75969814200996e-07,4.87595210252119,-3.15301670587509,1.38429871401449,280.77857063902,6.81235295395357,0.0671213993967416,0.0671213993967416,1011.88511596257,1012.84309776181,16.5749989769885,291.88481700283,14.7159600731245,0.438972907138291,9.71209853950001,0.438972907138291
"2006-06-03_SCI_SR","SCI","SR",34.047666,-119.547674,2006-06-03 22:30:00,2006-06-04 03:00:00,8.67361737988404e-19,2.61974408597342,-2.20262453393181,1.40468829661907,281.688506035381,6.97381877510616,0.0412972599046791,0.00331639530211243,1008.16486229902,1009.1139386788,16.7502691757218,292.540728335467,14.2612398872583,0.533579064501558,14.306157958152,0.533579064501558
"2006-06-28_SCI_SR","SCI","SR",34.047666,-119.547674,2006-06-28 21:30:00,2006-06-29 02:00:00,8.67361737988404e-19,5.79596210807053,0.506972698934468,0.922876636657375,266.73609489344,6.39280610308862,0.0210886118444143,0.0209411034644123,1013.40249502477,1014.37815462248,16.1252502702499,289.458390088866,14.1872058884494,0.126572971554009,-6.0346081380121,0.126572971554009
"2006-06-29_SCI_SR","SCI","SR",34.047666,-119.547674,2006-06-29 21:30:00,2006-06-29 23:15:00,8.67361737988404e-19,8.11335522752362,-1.0979627819072,1.2108405579937,278.394516431328,5.64822554106773,0.0540872537500191,0.0057833457952482,1013.05533797858,1014.01861686336,16.0988908913158,291.235526651708,13.7738493950995,0.194403429338543,9.65360455416384,0.194403429338543
"2006-07-26_SCI_SR","SCI","SR",34.047666,-119.547674,2006-07-26 21:00:00,2006-07-27 02:03:00,7.54156346580655e-08,2.16575515651173,0.654524452159595,0.748927425664775,242.235828100785,8.76689402566422,0.320569135288437,0.0493099441720747,1010.67858670305,1011.6551132145,21.6976033057375,293.477108786675,19.4318016060213,0.0414970372305786,-24.0664578571797,0.0414970372305786
"2006-07-27_SCI_SR","SCI","SR",34.047666,-119.547674,2006-07-27 21:00:00,2006-07-28 02:00:00,2.63954721301061e-07,2.06525776435121,1.91603327545731,0.706772790652802,233.525716030127,8.63925068169583,0.172991724271232,0.126577449529245,1013.86799705555,1014.85668072765,21.9497878116591,293.451384645382,18.8555542906168,0.0870499163652832,-18.5819888096765,0.0870499163652832
"2007-06-18_SMI_PI","SMI","PI",34.056323,-120.332024,2007-06-18 21:30:00,2007-06-19 01:30:00,9.3825343099041e-07,2.7928312673202,-0.768458253946246,1.37554513250738,290.42487712146,9.23299304861525,0.490607785390567,0.490607785390567,1013.03893717669,1012.46245289587,13.9898883243939,285.846341414414,11.7701462881923,0.197773132261797,1.18481197840131,0.197773132261797
"2009-04-23_SBI_ESP","SBI","ESP",33.482528,-119.041599,2009-04-23 21:44:00,2009-04-24 01:00:00,8.30810800904833e-06,3.64843145883928,-1.027152324413,1.08559868955773,219.755748344625,10.9386660225402,1,0.977104664825355,1015.31864688401,1017.36423325843,14.7080036573694,285.682605086458,9.63545726979684,0.0101753555389217,-37.4800111279088,0.0101753555389217
"2009-04-23_SBI_Sutil","SBI","Sutil",33.464653,-119.049628,2009-04-23 20:00:00,2009-04-24 00:40:00,9.70154265932848e-06,3.82925905705539,-1.04537465237539,1.08394642439594,219.912934451473,10.9226405956986,0.999145468695161,0.977497342305912,1015.16062461851,1017.20562703778,14.7080036573694,285.708654234595,9.70434630296299,0.0106701508082581,-34.1284917497174,0.0106701508082581
"2009-05-14_SBI_ESP","SBI","ESP",33.482528,-119.041599,2009-05-14 21:52:00,2009-05-15 01:00:00,0,-1.42868985246274,0.0871826442436592,1.91766124177102,286.398059440118,7.74667730165958,0.0173103627180199,0.0173103627180199,1009.9510041048,1011.96062414165,16.6804170396102,289.73095169192,14.3181839004392,0.694262236151625,-19.2768088844886,0.694262236151625
"2009-05-16_SBI_ESP","SBI","ESP",33.482528,-119.041599,2009-05-16 20:45:00,2009-05-17 00:58:00,0,0.0698634932566625,1.24212171325129,1.0480321542803,259.567771808104,9.37763376713424,0.479526854154904,0.479526854154904,1012.70711751776,1014.73202297888,16.8474673641683,289.123796258898,13.7360360921789,0.510109834012499,-37.1706841033788,0.510109834012499
"2009-06-24_SBI_ESP","SBI","ESP",33.482528,-119.041599,2009-06-24 22:10:00,2009-06-25 01:00:00,2.46093246713489e-07,3.02605440502625,-0.885434110748965,0.916422647347968,241.424177871583,9.47688441271542,0.270993240046999,0.270993240046999,1014.12848551016,1016.14968421444,17.3900973021326,288.926013702923,12.7829888655396,0.0889835252668893,-13.6851136229201,0.0889835252668893
"2009-06-27_SBI_SRO","SBI","SRO",33.484214,-119.034674,2009-06-27 21:00:00,2009-06-28 01:00:00,0,3.82565567873225,-0.408147766281859,1.10042454556595,266.657388239467,8.78910128098254,0,0,1013.03833165352,1015.05112563518,17.8016253512563,289.867935021168,15.1529968146695,0.369479925718719,10.3429892369471,0.369479925718719
"2009-06-29_SBI_NCliffs","SBI","NCliffs",33.488461,-119.030192,2009-06-29 22:00:00,2009-06-29 23:50:00,1.44374704738575e-06,6.6088327696531,-1.4345137864708,1.16889289241372,256.050613342549,8.16628152009055,0.430663431655298,0.12940045473273,1010.72794358059,1012.73870536282,17.5635290058123,289.077233943035,14.2796208500775,0.584481348341579,20.5936222328057,0.584481348341579
"2009-07-26_SBI_SP","SBI","SP",33.471906,-119.041719,2009-07-26 22:00:00,2009-07-27 02:00:00,0,2.87459627744391,-0.634183860528388,1.17668015449576,232.210599465188,9.67066547710424,0.891843803885066,0,1014.19750787771,1016.19711142669,19.7776548483326,292.16613935426,16.6723192980402,0.333508867649166,-13.8120164545344,0.333508867649166
"2009-07-28_SBI_ESP","SBI","ESP",33.482528,-119.041599,2009-07-28 22:00:00,2009-07-29 01:30:00,3.80624221583449e-07,5.30807777167171,-2.75771888824999,1.16423667745188,267.073485719129,6.95205387454476,0.124038270794867,0.124038270794867,1010.43198312682,1012.42510151374,19.9010990822273,291.949334912104,16.2447321956296,0.541235743323114,-0.971772406733316,0.541235743323114
"2009-07-28_SBI_SRO","SBI","SRO",33.484214,-119.034674,2009-07-28 22:00:00,2009-07-29 01:08:00,3.80624221583449e-07,5.30807777167171,-2.75771888824999,1.16423667745188,267.073485719129,6.95205387454476,0.124038270794867,0.124038270794867,1010.43198312682,1012.42510151374,19.9010990822273,291.949334912104,16.2447321956296,0.541235743323114,-0.977600313013712,0.541235743323114
"2009-08-19_SBI_SRO","SBI","SRO",33.484214,-119.034674,2009-08-19 22:00:00,2009-08-20 00:25:00,0,3.99819163220479,-0.654683979486078,0.711756533924997,252.638763249407,8.1295403170082,0.0257046068393023,0.0257046068393023,1011.83356670494,1013.84920666401,18.4575602207333,288.976545617143,13.1740181962073,0.00034999870532805,-39.7431226686379,0.00034999870532805
"2009-08-22_SBI_ESP","SBI","ESP",33.482528,-119.041599,2009-08-22 21:55:00,2009-08-23 01:10:00,0,-0.834984841220934,0.552710305340831,0.904880679945289,235.907706511194,10.5469824095699,0.0261649347148256,0.00979659103047318,1013.07710138086,1015.07526883561,18.909680931491,291.359001993201,16.9201100344444,0.110993583157742,-31.6327729247122,0.110993583157742
"2010-04-15_SCI_DR","SCI","DR",34.058036,-119.766572,2010-04-16 00:35:00,2010-04-16 02:10:00,NA,NA,NA,NA,NA,NA,NA,NA,NA,NA,NA,NA,NA,0.0360005740937708,-31.4953480667768,0.0360005740937708
"2010-06-04_SBI_SRO","SBI","SRO",33.484214,-119.034674,2010-06-04 21:55:00,2010-06-05 01:00:00,NA,NA,NA,NA,NA,NA,NA,NA,NA,NA,NA,NA,NA,0.470793748693693,-26.1643316413354,0.470793748693693
"2010-06-05_SBI_SRO","SBI","SRO",33.484214,-119.034674,2010-06-05 22:05:00,2010-06-06 01:00:00,NA,NA,NA,NA,NA,NA,NA,NA,NA,NA,NA,NA,NA,0.373827886086736,-25.0493962482059,0.373827886086736
"2010-06-07_SBI_NTP","SBI","NTP",33.480059,-119.028972,2010-06-07 22:30:00,2010-06-07 23:35:00,NA,NA,NA,NA,NA,NA,NA,NA,NA,NA,NA,NA,NA,0.197612589607509,-35.0245661889544,0.197612589607509
"2010-07-08_SBI_SRO","SBI","SRO",33.484214,-119.034674,2010-07-08 22:04:00,2010-07-09 01:31:00,NA,NA,NA,NA,NA,NA,NA,NA,NA,NA,NA,NA,NA,0.0856374449415903,-25.4378364005529,0.0856374449415903
"2010-07-10_SBI_SRO","SBI","SRO",33.484214,-119.034674,2010-07-10 22:01:00,2010-07-11 01:34:00,NA,NA,NA,NA,NA,NA,NA,NA,NA,NA,NA,NA,NA,0.00403722718394228,-29.9896709906284,0.00403722718394228
"2011-06-04_SBI_SRO","SBI","SRO",33.484214,-119.034674,2011-06-04 22:00:00,2011-06-05 01:05:00,2.92308970885856e-07,-1.07108330432007,2.74121651698299,1.24152644265144,247.159960031588,9.16941841728732,0.589715105366762,0.422706117528573,1016.31567276029,1018.34935061343,15.1220176295165,288.004086513874,12.6936685110858,0.125172051679633,-13.3891441171691,0.125172051679633
"2011-06-24_ANI_FC","ANI","FC",34.007333,-119.411358,2011-06-24 21:10:00,2011-06-25 02:07:00,0,2.90734103520081,0.327172715396906,1.07715050919955,261.991938319543,8.63339371790264,0.149613825967724,0.144384181579183,1010.99948781121,1008.9336771741,16.8613647338618,288.645100326117,13.6345297462996,0.333769276024264,-14.4400293077012,0.333769276024264
"2011-06-26_ANI_CC","ANI","CC",34.014197,-119.371283,2011-06-26 21:36:00,2011-06-27 02:53:00,0,4.71134085564477,-0.395762224686209,1.1591250796244,267.951771126244,6.99186070286231,0.0362859715170765,0.0362859715170765,1008.94967023157,1006.90761138063,17.4267602206379,289.14677583084,14.1971114128417,0.167810266898773,-21.417322050629,0.167810266898773
"2011-06-26_ANI_EAI_N","ANI","EAI_N",34.016411,-119.362333,2011-06-26 21:30:00,2011-06-27 00:33:00,0,5.11134911003192,-0.405827982916512,1.14757822559226,263.4223341321,7.16053370421095,0.00584133184807655,0.00584133184807655,1009.14757995972,1007.1059505707,17.4267602206379,289.183734320951,14.1315962987452,0.170877026030905,-29.2891709762954,0.170877026030905
"2011-06-30_SBI_ESP","SBI","ESP",33.482528,-119.041599,2011-06-30 22:00:00,2011-07-01 01:33:00,0,3.01881648662309,0.489694749588456,1.15461700018007,275.776886690469,6.79075900768781,0.0134466604611417,0.0134466604611417,1009.78186695253,1011.78550167473,17.5974897666061,290.535675889199,15.0288266460759,9.1098220951924e-05,-30.0831799585739,9.1098220951924e-05
"2011-07-01_SBI_SRO","SBI","SRO",33.484214,-119.034674,2011-07-01 22:00:00,2011-07-02 01:34:00,0,2.88585634144106,0.839688037705076,1.20001524639639,275.680031224832,7.46087639193871,0.000500511192834141,0.000500511192834141,1006.72847568019,1008.72219593564,17.873508685609,290.701384319404,15.1735904012485,0.0105572130290981,-28.7481818536271,0.0105572130290981
"2011-07-02_SBI_SRO","SBI","SRO",33.484214,-119.034674,2011-07-02 22:15:00,2011-07-03 02:36:00,0,3.43562975206745,-0.248371430240453,1.14134722977887,280.772370553437,7.54724426275207,0.143744373063953,0.143744373063953,1006.53769252705,1008.53362516468,17.9559871324768,290.663865852171,15.423824128085,0.0463398358254663,-28.6122759063189,0.0463398358254663
"2011-07-03_SBI_NCliffs","SBI","NCliffs",33.488461,-119.030192,2011-07-03 22:20:00,2011-07-04 01:45:00,0,0.444347990390308,1.70641633023085,1.00020792926167,271.755857461219,9.00860311029166,0.000500511192834141,0,1009.2350505852,1011.24199489189,18.1858583955515,290.304920516399,15.3966742368248,0.103687645205491,-22.0351532753746,0.103687645205491
"2011-07-04_SBI_SP","SBI","SP",33.471906,-119.041719,2011-07-04 22:00:00,2011-07-05 01:02:00,0,0.344538574581982,0.452919242006338,0.940278914481022,261.294209309201,9.19143001243235,0.0197335693467413,0,1011.43256261349,1013.42712478827,18.7406930611891,291.239231146396,15.9800625406522,0.183178283074061,-16.8528580645645,0.183178283074061
"2011-07-05_SBI_ESP","SBI","ESP",33.482528,-119.041599,2011-07-05 22:00:00,2011-07-06 01:00:00,0,2.47584826343818,0.335178933422952,0.980273213190209,241.749710756249,9.76506951981213,0.104630491508095,0,1012.59475565746,1014.59344381838,19.029297704536,291.469112954885,16.8164263091036,0.277680032969389,-4.87785770823653,0.277680032969389
"2011-07-26_ANI_RC","ANI","RC",34.003147,-119.391792,2011-07-26 20:53:00,2011-07-27 01:00:00,0,1.3676386707704,0.799926150251928,0.922541695819755,276.617079403205,7.459549665656,0.0654453990101679,0.0455266812140448,1010.14064924351,1008.09546247374,18.4516688936975,290.756710059146,16.066126358514,0.144424479285545,-27.6136229662854,0.144424479285545
"2011-07-27_ANI_RR","ANI","RR",34.013764,-119.442644,2011-07-27 21:00:00,2011-07-27 23:55:00,1.78125779133566e-06,-0.222649685796216,2.11536779912008,0.796728610140924,244.176578086796,8.79457803859382,0.39704805212641,0.394659942319137,1012.2241509478,1013.22608543596,18.8097467354234,290.227307687167,15.3382952834501,0.0783396673247575,-31.286313063339,0.0783396673247575
"2011-07-27_SBI_NCliffs","SBI","NCliffs",33.488461,-119.030192,2011-07-27 22:00:00,2011-07-28 01:01:00,0,-1.93478840647242,1.25869408685878,0.992433829339123,233.568568567872,9.83785729177145,0.268454061312621,0.268454061312621,1012.36424973296,1014.36557278394,19.2228102083945,291.318120723469,15.4125629416608,0.0747659433289209,-28.5510926424568,0.0747659433289209
"2011-07-28_ANI_EAI_S","ANI","EAI_S",34.014217,-119.365644,2011-07-28 21:04:00,2011-07-29 01:00:00,0,4.62291169330063,0.186218566275173,0.909771699996167,248.093294518639,8.98081724052982,0.0939938656859903,0.0939938656859903,1013.24316290838,1011.18753847298,19.1983939031671,290.090023695719,15.3185948943731,0.0292901178222348,-31.5409076449197,0.0292901178222348
"2011-07-28_SBI_SRO","SBI","SRO",33.484214,-119.034674,2011-07-28 22:00:00,2011-07-29 01:00:00,0,4.18920155825093,-1.12938609459467,1.109562137021,232.082133666663,10.4661614398339,0.0621442631956419,0.0621442631956419,1013.64846429947,1015.65745879938,19.3792927144053,290.680889156706,15.3866434888223,0.0285003213197052,-33.9443804663915,0.0285003213197052
"2011-07-29_SBI_ESP","SBI","ESP",33.482528,-119.041599,2011-07-29 22:00:00,2011-07-30 01:00:00,5.93752597111813e-07,4.98260425155905,-1.41292917034084,1.1161002891718,238.762285679774,8.79728174594268,0.537427708177559,0.537427708177559,1014.46943859868,1016.48091387164,19.264091384243,290.531543258032,14.6371459980729,0.00326057447176742,-35.2868915032629,0.00326057447176742
"2011-08-27_SBI_ESP","SBI","ESP",33.482528,-119.041599,2011-08-27 22:00:00,2011-08-28 01:00:00,0,4.98965949838158,-1.13662382746988,1.36035894772859,267.018834534693,7.65247149741942,0.0268566981520761,0,1011.23635766999,1013.22806807257,18.8419661897441,292.406682651737,16.6079873656109,0.0106478273967628,-43.4887850481418,0.0106478273967628
"2011-08-29_SBI_ESP","SBI","ESP",33.482528,-119.041599,2011-08-29 22:00:00,2011-08-30 01:00:00,0,2.99659692447822,-0.774639376508663,1.37480531574349,264.566675169288,7.82545474385455,0.00125127798208535,0.00125127798208535,1008.72272263592,1010.71871100247,18.6430278402794,291.362773299248,15.8404345284569,0.0190509467501533,-43.3401312644945,0.0190509467501533
"2012-06-16_ANI_FC","ANI","FC",34.007333,-119.411358,2012-06-16 21:40:00,2012-06-17 02:20:00,NA,NA,NA,NA,NA,NA,NA,NA,NA,NA,NA,NA,NA,0.0497876158002337,-27.9120421196291,0.0497876158002337
"2014-06-23_SCI_SR","SCI","SR",34.047666,-119.547674,2014-06-23 22:30:00,2014-06-24 02:30:00,0,3.05299278941774,1.18433674380149,1.01013522272496,262.993210213765,7.62552594626881,0.916545862389941,0.00240082604692801,1012.77609352667,1013.77240767374,19.2957395484581,290.151131541547,14.0807915839301,0.0892400755502721,-28.2417851955637,0.0892400755502721
"2014-07-02_SBI_ESP","SBI","ESP",33.482528,-119.041599,2014-07-02 21:00:00,2014-07-03 01:00:00,0,4.23427665337554,-1.75011368844473,1.06904177506466,250.64315180398,7.88276123037387,0,0,1011.18772490005,1013.18520730014,19.8395084895703,291.706784388298,15.9034352369129,0.287482035719192,4.62387908702991,0.287482035719192
"2014-07-04_SBI_ESP","SBI","ESP",33.482528,-119.041599,2014-07-04 21:00:00,2014-07-05 01:10:00,0,-1.56880590031477,0.658142986864867,1.14855935919274,218.082860506996,10.7105824301016,0.0155392448588243,0,1015.16164138678,1017.15877591252,20.1114805348446,292.812108379557,17.1965716638513,0.476967263998496,10.790229654774,0.476967263998496
"2014-07-05_SBI_AP","SBI","AP",33.487622,-119.028535,2014-07-05 21:00:00,2014-07-06 01:00:00,0,3.33730161161983,-0.31288791556547,1.11196119506372,198.691864568393,11.6105708179227,0,0,1015.82863552905,1017.83167625471,20.5253936836033,292.923813302136,17.5546885522098,0.57539104415923,22.1925200565286,0.57539104415923
"2014-07-06_SBI_AP","SBI","AP",33.487622,-119.028535,2014-07-06 20:55:00,2014-07-07 00:29:00,0,5.36088175988004,-1.03274539730211,1.39866736473861,207.831297664526,10.5404943764821,0.00326044384762892,0.000625638991042676,1012.52616688507,1014.51839268002,20.7988369841459,292.846044318226,16.4065119682357,0.673925961503669,29.8954970087013,0.673925961503669
"2014-07-07_SBI_SRO","SBI","SRO",33.484214,-119.034674,2014-07-07 21:20:00,2014-07-08 02:00:00,0,2.50788843498164,-1.7265485680571,1.34925265043195,207.910028054758,10.6125696237092,0.00490338201109874,0,1011.77196641387,1013.76483849104,20.4851093131673,292.926418909811,17.0347800552155,0.774163805556617,26.4167487434084,0.774163805556617
"2014-07-11_SCI_LSH","SCI","LSH",34.044894,-119.546629,2014-07-11 21:20:00,2014-07-12 03:00:00,0,7.0717085159941,-1.28647007061945,1.15653888852545,280.707021647019,5.366176010671,0.597637831321624,0.092830002768507,1014.33283630139,1015.3196447346,20.1769864241625,291.897774230129,15.9709565272204,0.999370245921453,30.9955144077028,0.999370245921453
"2014-07-12_SCI_HT","SCI","HT",34.04733,-119.546765,2014-07-12 21:19:00,2014-07-13 01:40:00,0,5.12121711378474,0.454135031341631,1.23631133758738,282.247986831189,5.93889017227587,0.921149141145174,0.00978133154288679,1012.46444500608,1013.43894312471,20.3218350082956,292.783110487691,16.6610278433333,0.990388979127608,28.0059668517886,0.990388979127608
"2014-07-16_SBI_ESP","SBI","ESP",33.482528,-119.041599,2014-07-16 21:50:00,2014-07-17 00:00:00,7.30044798145013e-07,3.0367108719426,-0.475201928639036,0.823925493745541,218.174069664079,11.1267355496042,0.353695847893428,0.332393603222804,1015.35227744991,1017.35242083664,21.2524389952559,292.219700360403,15.4900100910812,0.703382881837269,-8.24384783816859,0.703382881837269
"2014-07-17_SBI_ESP","SBI","ESP",33.482528,-119.041599,2014-07-17 21:35:00,2014-07-18 02:43:00,0,3.85868181115265,-2.2078396078767,0.87134007337292,229.181337404387,9.26665820153208,0.214275904615123,0.0594640431974294,1015.32750660245,1017.32908252331,21.2991688649618,292.355796832709,15.0295740917631,0.588203490201095,2.43213716998231,0.588203490201095
"2014-07-19_SBI_NTP","SBI","NTP",33.480059,-119.028972,2014-07-19 21:16:00,2014-07-20 01:15:00,4.07743539112093e-05,1.26793787672574,-1.23176323017226,0.710417592666556,233.94073570748,9.0486531478671,0.71168978479036,0.236104964928611,1014.12115527991,1016.11506971996,20.6709428654832,292.600192626319,16.2697368772377,0.375730009786193,-16.6013589388811,0.375730009786193
"2014-07-20_SBI_AP","SBI","AP",33.487622,-119.028535,2014-07-20 23:22:00,2014-07-21 04:26:00,7.69444041219474e-06,3.31920052165542,-1.11895291116946,0.689016690594524,240.578168739161,7.95913003720453,0.951566386400745,0.95107808279798,1015.41683321489,1017.41450615666,21.0720000455897,292.639651972962,16.3474861940888,0.26935290438934,2.80076755906582,0.26935290438934
"2014-07-25_SCI_LSH","SCI","LSH",34.044894,-119.546629,2014-07-25 21:15:00,2014-07-26 00:09:00,9.73393064193293e-07,1.91788094750078,1.04909854917032,0.793510928146752,265.33155948953,8.53518133777018,0.260268872171272,0.00792882974989699,1012.57853930844,1013.57224484229,20.244979435481,290.847564244529,16.4065935438367,0.00453855289844934,-32.6339482490929,0.00453855289844934
"2014-08-08_SBI_ESP","SBI","ESP",33.482528,-119.041599,2014-08-08 11:35:00,2014-08-09 03:30:00,9.73393064193302e-07,2.12515008065548,-0.0350339724199342,1.12591723675804,235.996517413748,9.75722643698393,0.867392509626193,0.867392509626193,1013.06199236453,1015.06603706551,21.1258837967315,292.16613481015,16.4535538981416,0.95735260312031,-2.68205795584983,0.95735260312031
"2014-08-21_SBI_AP","SBI","AP",33.487622,-119.028535,2014-08-21 23:04:00,2014-08-22 02:10:00,0,1.66415493967346,-0.173540208161167,1.09429982579805,189.934084911947,9.7011477754605,0.233161918422779,0.233161918422779,1013.83541116117,1015.83038434834,21.508192202694,292.847284083168,16.8298077617875,0.0933540419663506,-26.8206515026163,0.0933540419663506
"2014-08-22_SBI_SRO","SBI","SRO",33.484214,-119.034674,2014-08-22 22:57:00,2014-08-23 01:57:00,0,2.40870792773744,-1.22984937136648,1.21642856996201,193.424045650141,10.5019118178358,0.444035829276853,0.444035829276853,1013.6421890784,1015.6436778417,21.6025977490636,292.589959312305,16.4961635537268,0.0473322414168589,-37.5264405855899,0.0473322414168589
"2015-06-12_SBI_AP","SBI","AP",33.487622,-119.028535,2015-06-12 21:15:00,2015-06-13 02:00:00,1.66782284481027e-06,1.45258901639717,0.670148027353772,0.843014684542924,243.114043799615,8.64365461917416,0.684736443216903,0.668307061582205,1009.95783503159,1011.96815312037,18.2261184846756,289.963920275317,15.0976339062381,0.13162824168968,-35.5122890669821,0.13162824168968
"2015-06-13_SBI_ESP","SBI","ESP",33.482528,-119.041599,2015-06-13 20:15:00,2015-06-14 01:05:00,8.2199840208502e-07,1.64742556937187,-0.570486529713943,0.903248995970853,248.778266405337,9.4451323367874,0.905731245544775,0.89969720816775,1009.04359070594,1011.04848518113,18.2739976851278,290.132686796565,15.1289856441607,0.0661205483032081,-34.4899929838446,0.0661205483032081
"2015-06-16_SCI_SR","SCI","SR",34.047666,-119.547674,2015-06-16 21:20:00,2015-06-17 01:45:00,0,3.49314792783957,0.591452375349731,0.883861713258404,273.662633320358,7.11367833691757,0,0,1011.75362284078,1012.7448299807,17.9368678464198,289.892430838906,14.5085512515882,0.0054205489049276,-26.2566464862439,0.0054205489049276
"2015-06-17_SCI_SR","SCI","SR",34.047666,-119.547674,2015-06-17 21:13:00,2015-06-18 02:00:00,0,3.00998765672244,1.32940613219534,0.865792643115632,249.59219111883,7.96065732732415,0.000371314197935901,0.000371314197935901,1012.26907070038,1013.25501249688,17.9667337532752,289.928989169817,14.7820059449004,0.0317778273206918,-21.0920273424958,0.0317778273206918
"2015-06-17_SMI_PI","SMI","PI",34.056323,-120.332024,2015-06-17 20:50:00,2015-06-18 02:00:00,0,5.69963683146009,-4.55618026945517,1.37322798631442,286.883107702261,7.4752716018074,0.00614521364372585,0.00614521364372585,1012.6077066448,1012.03783864618,15.57197686006,287.410757112548,12.8773590854404,0.0310375117962981,-15.6949121801105,0.0310375117962981
"2015-06-18_SMI_PI","SMI","PI",34.056323,-120.332024,2015-06-18 20:45:00,2015-06-19 02:00:00,0,6.87897022733895,-7.15384225172529,1.61570521268423,295.987111024225,6.68365173888725,0.0200008283721833,0.00823576344306359,1011.59357930219,1011.02821302817,15.770498087557,288.877398621993,12.4047805633888,0.0765165048425656,-9.34285688576849,0.0765165048425656
"2015-06-19_SMI_PI","SMI","PI",34.056323,-120.332024,2015-06-19 20:50:00,2015-06-20 02:00:00,0,7.78728765180582,-8.58729517508127,1.93459130461373,304.057851678652,6.28574192558597,0.000804392988483449,0.000804392988483449,1009.22419765751,1008.66288718089,15.7619400990007,289.476543018501,12.770122327026,0.138251269913665,-2.7818532780325,0.138251269913665
"2015-07-09_SBI_AP","SBI","AP",33.487622,-119.028535,2015-07-09 20:11:00,2015-07-10 01:43:00,0,4.40432434235707,-2.32297294678219,0.966499386022175,233.550552144498,10.1374088978949,0.00520566519376279,0,1012.03902796655,1014.03392170738,19.227530377209,291.239943950846,15.0992839977078,0.34461874907412,-25.2493818254459,0.34461874907412
"2015-07-12_SMI_PI","SMI","PI",34.056323,-120.332024,2015-07-12 20:43:00,2015-07-13 02:00:00,0,7.19705096534365,-7.02873054569474,1.43485956174634,288.94553046293,6.06487925558018,0.150840034791632,0.0134893870263837,1015.37438847467,1014.804806524,17.6699697635638,290.573432422303,15.476310711403,0.0857221994496057,-31.2568061361106,0.0857221994496057
"2015-07-13_SMI_PI","SMI","PI",34.056323,-120.332024,2015-07-13 20:48:00,2015-07-14 02:00:00,8.84541758765432e-07,8.42176630455758,-7.02799794624498,1.68543493883187,293.771525485837,5.97454874519031,0.509591677911456,0.372699904737199,1012.6443697055,1012.0789259562,16.9914377882612,290.372958251609,15.6305750767012,0.0358574051112697,-30.5436479861574,0.0358574051112697
"2015-07-14_SMI_PI","SMI","PI",34.056323,-120.332024,2015-07-14 20:33:00,2015-07-15 02:00:00,6.8797692348428e-07,8.02016867681481,-8.36558887493473,1.99272672978197,302.852866968241,6.19292002996076,0.403206890312623,0.403206890312623,1011.6146191845,1011.04540815791,16.5726588459011,289.570782615903,14.7160406603363,0.00734246927506657,-28.6849825418533,0.00734246927506657
"2015-07-16_SCI_SR","SCI","SR",34.047666,-119.547674,2015-07-16 21:15:00,2015-07-17 02:02:00,6.25433566803868e-07,3.52062499361083,0.928629010990533,0.801588090291159,237.76732138056,8.69781240617568,0.239022433626679,0.239022433626679,1011.99925531657,1012.99967990364,19.1244729093826,290.414243284906,15.2305238308719,0.0152155357334119,-29.0924614229071,0.0152155357334119
"2015-07-22_SBI_ESP","SBI","ESP",33.482528,-119.041599,2015-07-22 21:00:00,2015-07-23 02:00:00,6.12924895467687e-06,3.39105665020937,-1.19873125784917,0.830664936741143,241.266213898995,7.82769827254246,1,1,1012.41231242593,1014.40250082179,21.0688706771143,292.869385488364,17.4626946599389,0.415321800323699,4.23954880714269,0.415321800323699
"2015-07-23_SBI_AP","SBI","AP",33.487622,-119.028535,2015-07-23 21:00:00,2015-07-24 02:00:00,1.980539628212e-06,3.1859874461358,-1.6231686279498,0.858241600091437,254.428640109105,7.86925968880174,0.307371858452993,0.307371858452993,1015.63987383901,1017.64013258428,21.5351404292097,293.203509106189,17.3252957644289,0.510886639538991,10.3027833283101,0.510886639538991
"2015-08-08_SBI_AP","SBI","AP",33.487622,-119.028535,2015-08-08 20:25:00,2015-08-09 02:00:00,3.75260140082259e-06,3.39647606489392,-0.652754734590251,0.927509196121021,221.001102646402,9.45838322089624,0.630707320848166,0.630707320848166,1013.39556121262,1015.39939601041,20.5200344157079,292.143844420847,16.1728028084584,0.271646405430145,-24.3095290205024,0.271646405430145
"2015-08-09_SBI_ESP","SBI","ESP",33.482528,-119.041599,2015-08-09 20:30:00,2015-08-10 02:09:00,1.60892785060265e-05,1.52485089467016,0.697846617660905,0.878039730070895,213.789183847091,10.0782165962678,0.810446645201654,0.810446645201654,1014.20795395068,1016.21263514661,20.5253245651284,291.828801958145,15.1783876559208,0.181824070468942,-24.4378197156783,0.181824070468942
"2015-08-09_SMI_PI","SMI","PI",34.056323,-120.332024,2015-08-09 20:54:00,2015-08-10 02:00:00,7.7732457588466e-06,2.91166011282975,-2.39547315899509,1.06893569167171,261.100771906687,8.59202545129721,0.933835951788739,0.933835951788739,1014.0574774146,1013.48784058699,18.5389069396573,290.533728122263,15.8883922752724,0.183488820220646,-28.1966205205549,0.183488820220646
"2015-08-10_SMI_PI","SMI","PI",34.056323,-120.332024,2015-08-10 20:30:00,2015-08-11 02:00:00,1.38488861220842e-06,5.80532898896417,-5.60189815069952,1.23867635587285,286.127452569337,6.53444787893615,0.687141265796295,0.687141265796295,1012.45704202872,1011.88977952902,18.3960327269515,290.725601244354,16.0584284450825,0.110707157144734,-30.8267963150545,0.110707157144734
"2015-08-11_SMI_PI","SMI","PI",34.056323,-120.332024,2015-08-11 20:33:00,2015-08-12 02:00:00,7.86259341124856e-07,6.45400307016345,-6.23489120860169,1.23149566936209,287.395538781283,6.18880787542947,0.687618669765069,0.687618669765069,1014.30295942638,1013.73382144301,18.7239282415443,290.623922902214,16.0632635968306,0.0553502883343482,-32.3162240433698,0.0553502883343482
"2015-09-08_SMI_PI","SMI","PI",34.056323,-120.332024,2015-09-08 20:05:00,2015-09-09 01:40:00,0,4.20368838234932,-3.21015088043675,1.31327475873477,252.324583815603,9.39159036911072,0.00363393797236289,0,1009.5589298971,1009.00045472796,21.0530270144192,293.828766596204,17.0732346988913,0.144350443091575,-32.2754895216545,0.144350443091575
"2015-09-09_SMI_PI","SMI","PI",34.056323,-120.332024,2015-09-09 20:05:00,2015-09-10 01:35:00,0,2.30682086326095,-1.73683912035146,1.30167556461295,234.485808867959,10.1364981277612,0.00735725294344616,0.00101584588789509,1009.42892900333,1008.87284876513,21.6638182915716,294.320188670472,18.2115675675993,0.0827554470023833,-35.7406193599505,0.0827554470023833
"2015-09-10_SBI_AP","SBI","AP",33.487622,-119.028535,2015-09-10 21:07:00,2015-09-11 00:55:00,0,2.03958852994761,-0.77214131158753,1.21366962529316,188.461279798918,10.5740821101912,0.415497535592755,0,1010.64894124907,1012.60799294821,22.7127009046651,295.756582384126,21.6957894295845,0.0374994250949782,-42.1216604499035,0.0374994250949782
"2015-09-10_SMI_PI","SMI","PI",34.056323,-120.332024,2015-09-10 20:04:00,2015-09-11 01:04:00,0,1.46801489625888,-1.88420014300424,1.27815422896917,223.609493403834,9.99234822071612,0.687692787276203,0,1010.59216616737,1010.03361052351,21.7495588905351,294.998974127833,20.5675528182173,0.0375297871020748,-38.0098885737703,0.0375297871020748
"2015-09-11_SBI_ESP","SBI","ESP",33.482528,-119.041599,2015-09-11 21:03:00,2015-09-12 00:47:00,0,1.11970305269998,-0.278466962378598,1.24531162010782,188.491000671261,10.3879666896772,0.122494010651122,0,1012.71962678155,1014.68943625349,22.6956920698191,295.88077222753,21.5223686535508,0.00972378445398221,-43.106110429729,0.00972378445398221
"2015-09-15_SCI_SR","SCI","SR",34.047666,-119.547674,2015-09-15 20:45:00,2015-09-16 02:00:00,1.10791088976683e-06,4.85059821335914,-1.07310401887249,0.988228200490411,273.17824301178,5.85622273055596,0.301355260490353,0.301355260490353,1012.40886847221,1013.3964348973,22.2194781760915,292.691986923743,15.4659496719427,0.0779431587052049,-28.8698422680759,0.0779431587052049
"2016-05-02_SMI_PI","SMI","PI",34.056323,-120.332024,2016-05-02 19:50:00,2016-05-03 02:00:00,0,4.69359734757159,-4.49582433640168,1.58781330996042,261.078738879392,10.9225119417918,0.650645476324905,0.0541025132376055,1015.26466841014,1014.68843615347,13.5320739124873,286.127165081835,11.5283753567223,0.180000750894578,-46.5755123495378,0.180000750894578
"2016-05-03_SMI_PI","SMI","PI",34.056323,-120.332024,2016-05-03 19:50:00,2016-05-04 02:00:00,0,4.70375935720971,-2.99683598718368,1.50233118461195,264.45136989375,10.4445508635123,0.79842789129141,0.0702995055926022,1013.63610665142,1013.05823693251,13.6327493087333,286.216783278465,11.7240156534872,0.0974315873508375,-43.426821892484,0.0974315873508375
"2016-05-04_SCI_SR","SCI","SR",34.047666,-119.547674,2016-05-04 20:30:00,2016-05-05 01:51:00,4.77002641842962e-06,4.13280025610665,0.833587754689055,0.844516161528815,231.956303932758,10.3734373960933,0.241801840294203,0.152910965249787,1012.99690337311,1014.00441619789,15.157854626766,287.125712944634,11.2244659164509,0.0363764147788219,-41.1740550424056,0.0363764147788219
"2016-05-04_SMI_PI","SMI","PI",34.056323,-120.332024,2016-05-04 20:00:00,2016-05-05 02:00:00,7.52319602906678e-07,2.99647483866514,-0.737776450289492,1.28234395224135,250.124434406606,10.6067513084751,0.759633641502318,0.387481988354831,1013.05258985113,1012.47876592982,13.743738181348,286.615629271188,11.810799254781,0.0363764147788219,-41.0695313778815,0.0363764147788219
"2016-05-05_SBI_AP","SBI","AP",33.487622,-119.028535,2016-05-05 21:30:00,2016-05-06 00:15:00,2.95805665142883e-05,1.87579851467031,-0.528530709251222,1.10283659948196,241.681928319514,10.3424231383288,0.474087864129523,0.118151160484031,1011.30938650375,1013.32695697015,16.3722334131754,288.213639641568,10.9862186724042,0.00459803920392968,-38.2191291213022,0.00459803920392968
"2016-05-05_SCI_SR","SCI","SR",34.047666,-119.547674,2016-05-05 20:30:00,2016-05-06 02:07:00,3.27739231266265e-06,2.34017894036395,0.194451779656926,0.893232997195238,247.751182319446,10.0229727214746,0.812302580379351,0.12649352234752,1011.03482136385,1012.03948045856,15.5115539765926,287.547144655375,12.2414240687569,0.00434288031940452,-34.4888784531318,0.00434288031940452
"2016-05-07_SBI_ESP","SBI","ESP",33.482528,-119.041599,2016-05-07 22:01:00,2016-05-08 01:56:00,0,4.3273435347615,-2.05564733802151,1.01804309019192,260.3483225866,8.54650037917325,0.0364091373811667,0.0333389284787817,1014.51738006043,1016.54165065692,16.9160378995304,288.51628167506,12.5848938905676,0.0335374756433037,-27.1081064310622,0.0335374756433037
"2016-05-17_SBI_WP","SBI","WP",33.481075,-119.046301,2016-05-17 21:20:00,2016-05-18 00:30:00,9.05344611497917e-06,2.05135308486114,-0.368186365390412,1.15733679024159,260.178698784286,9.62037400132491,0.917803244167061,0.917803244167061,1014.6549742725,1016.6776317466,17.2049144058981,288.828023875346,13.3953616198285,0.884696563159777,46.3669526961055,0.884696563159777
"2016-06-01_SBI_AP","SBI","AP",33.487622,-119.028535,2016-06-01 21:00:00,2016-06-02 02:05:00,8.09944083129322e-06,1.91607726886994,-0.313542837217549,1.42679599086769,200.17847438621,12.4552733162344,0.988934691573057,0.988934691573057,1014.02948565445,1016.0552844314,17.3743264776608,288.702694551207,13.8277998657941,0.114047786219832,-35.3376552861918,0.114047786219832
"2016-06-01_SCI_SR","SCI","SR",34.047666,-119.547674,2016-06-01 20:25:00,2016-06-02 02:00:00,4.97811481923352e-06,1.97264735017343,2.17656232702552,1.05074019119161,208.746997617223,11.4063306931029,0.958723086078769,0.95808218760014,1013.8808600329,1014.89081144914,16.2589504531888,287.724426620922,13.4652295275235,0.117279599977225,-38.7257888357614,0.117279599977225
"2016-06-02_SBI_AP","SBI","AP",33.487622,-119.028535,2016-06-02 21:00:00,2016-06-03 02:05:00,0,2.84581752658442,0.602814204846718,1.31021382733901,210.128230898271,10.3037864580567,0.145146065995104,0.145146065995104,1014.00229217123,1016.02362745814,17.5315739362707,289.966616365778,14.2473554909055,0.0488077936704292,-35.5012548674851,0.0488077936704292
"2016-06-02_SCI_SR","SCI","SR",34.047666,-119.547674,2016-06-02 20:57:00,2016-06-03 02:00:00,0,2.68563374858883,1.87193916826216,1.06290720387971,224.703702012167,9.14038804841715,0.108721669126351,0.00612995415613944,1013.14114915931,1014.11557534263,16.4345770555841,289.698266852712,13.8276838061467,0.0510208679817489,-36.0228355040521,0.0510208679817489
"2016-06-03_SBI_ESP","SBI","ESP",33.482528,-119.041599,2016-06-03 20:46:00,2016-06-04 01:46:00,0,1.17633113473861,-0.420819111229145,1.07551521014113,209.273196245321,9.94386751139775,0.164870043663934,0.00301701868851244,1013.52320556601,1015.54013913928,17.7452810667967,290.43471278317,15.0764856114578,0.0112118958784885,-32.0286776789165,0.0112118958784885
"2016-06-03_SCI_SR","SCI","SR",34.047666,-119.547674,2016-06-03 20:45:00,2016-06-04 02:00:00,6.40272002473413e-08,1.83483471123636,1.85696194933011,0.855851901331187,217.860484279634,9.56649679346753,0.211415840656071,0.0379874043829608,1013.45750803576,1014.44257748686,16.791846454923,289.0824244841,14.6781689018084,0.0112118958784885,-31.4552688422956,0.0112118958784885
"2016-06-03_SMI_PI","SMI","PI",34.056323,-120.332024,2016-06-03 20:51:00,2016-06-04 02:00:00,6.40272002473413e-08,1.65554448193959,-0.116170040322302,1.22980232418927,235.167780763471,9.71695598778789,0.686472028269291,0.615336656995058,1013.39084790433,1012.825193944,14.608919847038,287.478827524839,13.5725266714835,0.0112118958784885,-31.270068012234,0.0112118958784885
"2016-06-04_SBI_ESP","SBI","ESP",33.482528,-119.041599,2016-06-04 21:00:00,2016-06-05 00:03:00,6.0505704233757e-07,4.56126644049593,-1.25080579664234,0.955215838283951,223.934856943263,8.25734123046637,0.125271237391848,0.125271237391848,1013.03106608884,1015.04988773976,17.8001540500409,289.370221650912,14.6370605747228,0.000292285653932045,-28.386420375646,0.000292285653932045
"2016-06-04_SMI_PI","SMI","PI",34.056323,-120.332024,2016-06-04 20:50:00,2016-06-05 02:00:00,1.77435378685544e-05,4.91279303275475,-1.26962319523828,1.13308692113898,256.191439461743,8.85328651484861,0.998522009630917,0.998522009630917,1013.30893054426,1012.73292106172,15.0512093143912,286.568635166608,13.1519845393697,0.000342451617610762,-25.0661443177654,0.000342451617610762
"2016-06-05_SMI_PI","SMI","PI",34.056323,-120.332024,2016-06-05 20:46:00,2016-06-06 02:00:00,1.53665280593696e-06,6.18393399873314,-3.91937307546818,1.12018510290933,281.161669551551,7.19488073428402,0.491745707179153,0.491745707179153,1010.84919575961,1010.27842641916,15.0927408903839,287.340129036743,12.6590792171433,0.0181474945534741,-17.7896848381685,0.0181474945534741
"2016-07-05_SMI_PI","SMI","PI",34.056323,-120.332024,2016-07-05 20:45:00,2016-07-06 01:50:00,2.45704380949306e-06,5.46813782806757,-4.9492253059795,1.48316415690499,273.567151786744,8.1718125841468,0.948553727565828,0.948553727565828,1015.23215956356,1014.65931983218,16.6152083384993,288.410145270269,13.3250294735443,0.0397141064140393,-15.4520241333001,0.0397141064140393
"2016-07-06_SBI_AP","SBI","AP",33.487622,-119.028535,2016-07-06 20:30:00,2016-07-07 02:00:00,0,4.38444881077931,-2.51203273872475,1.14210523971351,259.188934368355,7.02097105961711,0.56828729691257,0.56828729691257,1014.03266223833,1016.04269358976,19.8532630797353,290.764110712466,15.1854656203042,0.0925238722502588,-10.3675945299835,0.0925238722502588
"2016-07-06_SCI_SR","SCI","SR",34.047666,-119.547674,2016-07-06 20:50:00,2016-07-07 02:00:00,0,5.24616582030388,-0.664393259951125,1.03852907914619,271.981662042621,6.23232268795191,0.0959472980897302,0.0959472980897302,1013.76621423285,1014.7652627711,19.3891896991544,290.473537819103,14.7487331673873,0.0925238722502588,-9.76782522310369,0.0925238722502588
"2016-07-06_SMI_PI","SMI","PI",34.056323,-120.332024,2016-07-06 20:44:00,2016-07-07 02:00:00,1.60068000618353e-07,7.42392663233818,-6.62177643125159,1.68196405976083,296.991245943643,6.42326966061864,0.686269295077071,0.686269295077071,1014.54341842223,1013.97060079464,16.3856938220772,288.236794120011,13.5369543895757,0.0925238722502588,-9.21562135777368,0.0925238722502588
"2016-07-07_SBI_ESP","SBI","ESP",33.482528,-119.041599,2016-07-07 20:45:00,2016-07-08 02:02:00,3.08130901190411e-07,5.54491150983659,-2.5205189657148,1.31481394155078,262.435991357152,7.10757825389629,0.284907985289854,0.284907985289854,1013.98876762471,1016.00213309277,19.6688435776155,290.962858443072,15.3319619101512,0.163635454508589,-8.89009087394573,0.163635454508589
"2016-07-07_SCI_SR","SCI","SR",34.047666,-119.547674,2016-07-07 21:00:00,2016-07-08 00:18:00,2.91323761125555e-07,6.90469142440045,-1.14516717009874,1.18594617481225,273.167262175307,6.10690221252798,0.110454274945447,0.110454274945447,1013.67995554148,1014.67216249065,19.3221521027573,290.76353097211,15.072516371519,0.162008303587995,-3.86257908244681,0.162008303587995
"2016-07-08_SBI_AP","SBI","AP",33.487622,-119.028535,2016-07-08 21:00:00,2016-07-09 02:13:00,2.08088400803906e-07,5.46580973106028,-1.83790241392145,1.28775622961733,248.725351147261,7.50927238253315,0.386906487680144,0.180585135951135,1014.83109178364,1016.84131268788,19.5542714330828,291.117752329358,15.7303656645361,0.247323448711193,-8.88237703398884,0.247323448711193
"2016-07-12_SBI_ESP","SBI","ESP",33.482528,-119.041599,2016-07-12 21:02:00,2016-07-13 02:00:00,0,3.95557944637191,-1.28725209018657,1.30094622489733,259.864189572399,7.79144041292829,0.0149695573222651,0.0149695573222651,1012.81384871617,1014.81796443681,20.2280852225095,291.249160143285,14.9718578393864,0.618244802349725,19.9465848259396,0.618244802349725
"2016-07-30_SCI_SR","SCI","SR",34.047666,-119.547674,2016-07-30 21:30:00,2016-07-31 02:02:00,0,1.93138383769946,1.5140924667887,0.741211212009085,238.875517485038,9.32238930630862,0.0355851250515008,0.0355851250515008,1010.83932909755,1011.82979797801,21.112135260992,292.453175454448,16.6018575563652,0.0807436478342841,-28.712592136224,0.0807436478342841
"2016-07-31_SCI_SR","SCI","SR",34.047666,-119.547674,2016-07-31 20:38:00,2016-08-01 02:00:00,0,4.01297015957068,0.342604460009896,0.786697494129904,239.308948501699,9.48771664988443,0.0607959784710429,0.0607959784710429,1012.3188952349,1013.31084069286,21.0953097498648,292.20538037217,16.9190485725283,0.0321848896368364,-30.9222002004481,0.0321848896368364
"2016-08-01_SCI_SR","SCI","SR",34.047666,-119.547674,2016-08-01 21:10:00,2016-08-02 02:03:00,0,4.53890600533169,0.433452435054499,0.941305431002638,248.929182870157,7.61305836058819,0.105931362824836,0.105931362824836,1014.7734319732,1015.76857298041,21.0631462482404,292.028383884828,16.1470197984642,0.00426207204347025,-32.5880181703181,0.00426207204347025
"2016-08-03_SBI_AP","SBI","AP",33.487622,-119.028535,2016-08-03 20:27:00,2016-08-04 02:03:00,3.69757081428602e-06,2.61118147389316,-0.625816556343695,1.16918362322071,224.201595137116,10.2022521995931,0.531348709810325,0.531348709810325,1013.09911356921,1015.1009436026,21.9943341626904,292.442250423127,16.6995652719643,0.0219228988399676,-26.8664956690718,0.0219228988399676
"2016-08-04_SBI_AP","SBI","AP",33.487622,-119.028535,2016-08-04 20:31:00,2016-08-05 00:00:00,8.96380803462778e-08,5.68202839564504,-1.88304136786546,1.48462347813806,259.519948547972,8.00668995870593,0.0147711839836418,0.0147711839836418,1011.10676858224,1013.10032182069,21.6578900521731,292.782907173646,16.6245588233837,0.0592571276203198,-9.75660228283452,0.0592571276203198
"2016-08-04_SMI_PI","SMI","PI",34.056323,-120.332024,2016-08-04 20:35:00,2016-08-05 01:32:00,3.04129201174917e-07,8.32966340711547,-8.11167285712568,2.07854682404402,296.57508224888,6.94500947819414,0.710209251173346,0.710209251173346,1011.72051827896,1011.15079187544,17.7577035168588,289.493029982898,14.6174116764292,0.0613252571806997,-18.5460481910709,0.0613252571806997
"2016-08-05_SBI_ESP","SBI","ESP",33.482528,-119.041599,2016-08-05 20:28:00,2016-08-06 02:00:00,2.19293160847266e-06,6.96125080180965,-2.6780777541514,1.49048097527578,277.368249666921,6.59663965654669,0.252731993259666,0.252731993259666,1010.83701885473,1012.8385042623,21.3224376220759,291.874752690604,15.9840720536077,0.118670680374584,-14.3485480027426,0.118670680374584
"2016-08-05_SMI_PI","SMI","PI",34.056323,-120.332024,2016-08-05 20:25:00,2016-08-06 01:25:00,2.7931866107918e-06,7.74560541537945,-6.98980660511311,1.74409729803278,296.266573853371,6.50669859685824,0.963887332663369,0.963887332663369,1011.47582506006,1010.90437111769,17.3980011948894,288.949479479836,14.1623417992336,0.118670680374584,-13.2264191182119,0.118670680374584
"2016-08-06_SMI_PI","SMI","PI",34.056323,-120.332024,2016-08-06 20:25:00,2016-08-07 01:25:00,7.20306002782821e-08,8.06169141365608,-8.05782742297203,1.93528179311923,301.274914011976,6.6433614438985,0.110008915900604,0.110008915900604,1010.12519935022,1009.55607184753,17.1783241482345,288.867261756684,13.9597016549889,0.189824235230296,-7.47626544579438,0.189824235230296
"2016-08-08_SBI_ESP","SBI","ESP",33.482528,-119.041599,2016-08-08 20:45:00,2016-08-09 02:05:00,1.20451170465373e-06,1.90864475227484,-0.0761293006081912,1.00831468009067,275.940857202365,7.32345784461939,0.253133917263058,0.253133917263058,1009.73940083145,1011.73257869365,21.4932380464267,292.306670235428,16.0889319449737,0.361964297222268,-2.39559322322116,0.361964297222268
"2017-05-25_SBI_AP","SBI","AP",33.487622,-119.028535,2017-05-25 21:25:00,2017-05-26 02:00:00,3.98031679885272e-05,1.61431532476735,0.486115910720618,1.00525376204794,238.854848892678,10.3923832150448,0.938417794597124,0.938417794597124,1012.11196370054,1014.1263041982,16.7637583168678,288.686386909295,12.1845695336458,0.0032377000447753,-28.7200431293732,0.0032377000447753
"2017-05-26_SBI_ESP","SBI","ESP",33.482528,-119.041599,2017-05-26 21:00:00,2017-05-27 02:00:00,2.62039116503047e-06,2.61984919694041,-2.26603985400799,0.959383697352472,244.650865412922,9.09961000559609,0.532385719154218,0.532385719154218,1016.22664694696,1018.25319849669,16.678508738734,288.308706181924,11.5951388598329,0.0323039075605502,-20.6233935740202,0.0323039075605502
"2017-06-19_SCI_SR","SCI","SR",34.047666,-119.547674,2017-06-19 21:05:00,2017-06-20 02:05:00,2.24604957002605e-06,4.50245050083169,0.437429428761689,1.09169085814314,257.565403147317,7.69181674375455,0.772084293409427,0.772084293409427,1009.90620965909,1010.88611245888,17.8290285235985,289.214018995771,15.1701017706849,0.204225978000375,-29.2194307653814,0.204225978000375
"2017-06-20_SCI_SR","SCI","SR",34.047666,-119.547674,2017-06-20 21:15:00,2017-06-21 00:00:00,0,6.28766117908272,0.435483964830953,1.26499669336944,264.098053954854,7.50010540413965,0.0239268765354859,0.0239268765354859,1008.49107401281,1009.46315044758,18.034013647436,290.539299461662,15.3831607822154,0.121773805285126,-40.7149464929618,0.121773805285126
"2017-06-22_SBI_AP","SBI","AP",33.487622,-119.028535,2017-06-22 20:30:00,2017-06-23 02:00:00,2.16407695798128e-06,0.109899554132909,0.906408677854886,1.32904487466108,227.499341772385,11.1035404161675,0.98154473972764,0.98154473972764,1010.87798716459,1012.88968135193,18.4796349291529,289.932942529866,14.1587010729228,0.011604183020137,-29.777820195657,0.011604183020137
"2017-08-20_SCI_SR","SCI","SR",34.047666,-119.547674,2017-08-20 20:37:00,2017-08-21 02:00:00,1.09843300139965e-06,2.08007122112233,1.22013174248964,0.785379111904311,243.001157021215,9.1879310394403,0.317430040699233,0.317430040699233,1013.53861205151,1014.53601047918,19.7215292130323,291.124123506571,15.3033117993097,0.00380852504637638,-31.2601023305814,0.00380852504637638
"2018-05-12_SBI_AP","SBI","AP",33.487622,-119.028535,2018-05-12 20:55:00,2018-05-13 02:10:00,4.65556179014793e-06,2.42584514293397,0.507472369034665,1.10465624456961,270.757158382393,9.23778657750971,0.534713426823127,0.534713426823127,1015.66726353517,1017.69924090725,16.4747697088998,287.707379580588,11.0398839159163,0.063760070874219,-41.2113472401502,0.063760070874219
"2018-05-13_SBI_ESP","SBI","ESP",33.482528,-119.041599,2018-05-13 20:39:00,2018-05-14 02:05:00,2.91673750708085e-07,6.23524666947247,-2.29183947399149,1.28796012655687,268.903673822352,8.20705332842582,0.0138670593441472,0.0107579387484168,1015.28751805388,1017.31260946775,16.6870954944296,287.625966880027,11.077397350906,0.0201499111605024,-37.3587727257182,0.0201499111605024
"2018-05-14_SMI_PI","SMI","PI",34.056323,-120.332024,2018-05-14 20:52:00,2018-05-15 02:00:00,0,5.48505525319912,-4.46520087744904,1.47360347083454,268.792107457716,9.565469948759,0.0738537399914111,0.0718819962025675,1015.95619550864,1015.38023539122,13.8614206594864,286.169068872731,10.4182477188939,0.000907702769091341,-30.6061643275872,0.000907702769091341
"2018-05-15_SMI_PI","SMI","PI",34.056323,-120.332024,2018-05-15 20:38:00,2018-05-16 01:55:00,9.61561815520908e-08,5.43304803297102,-5.78833455732639,1.45727150841688,271.361418135194,8.17654867459821,0.0191746361157192,0.0191746361157192,1017.46117664955,1016.88419622012,13.7628674377318,286.681896971299,10.9242512669664,0.00810636773551695,-22.0131148882684,0.00810636773551695
"2018-06-10_SBI_AP","SBI","AP",33.487622,-119.028535,2018-06-10 22:00:00,2018-06-11 03:00:00,0,-0.253584132646789,-0.304772844215084,2.10209812874189,276.858226239773,9.2175347200222,0.000284843768279595,0.000284843768279595,1009.00711995292,1010.99838169955,17.8728560717978,290.87506848763,14.5659716721993,0.0882081339117177,-33.585570215732,0.0882081339117177
"2018-06-11_SBI_ESP","SBI","ESP",33.482528,-119.041599,2018-06-11 21:03:00,2018-06-12 02:00:00,0,4.63348912180617,-0.43290871823764,1.63599588077532,249.780376192229,10.0800313869562,0.0142930533726011,0.0142930533726011,1008.77163167475,1010.77566823204,18.1564892639968,289.991622068182,14.2185082967578,0.0352851207909118,-35.8708492343329,0.0352851207909118
"2018-06-11_SCI_SR","SCI","SR",34.047666,-119.547674,2018-06-11 21:21:00,2018-06-12 02:00:00,0,3.56586687455912,1.31523486429271,1.30062100971297,264.110274561858,8.47737257209664,0.0286064527286507,0.0286064527286507,1008.17280093935,1009.15218164258,16.8103047597839,289.31543953886,14.156161037858,0.0352851207909118,-35.3737377032518,0.0352851207909118
"2018-06-11_SMI_PI","SMI","PI",34.056323,-120.332024,2018-06-11 21:09:00,2018-06-12 02:00:00,0,6.63052624239046,-5.23486026977761,2.08724207699717,284.063628598848,8.35327990502249,0.0421924831764149,0.0421924831764149,1008.66692054639,1008.09708733895,14.1078675712523,286.805243536206,11.9527808870991,0.0352851207909118,-35.3591521669608,0.0352851207909118
"2018-06-12_SCI_SR","SCI","SR",34.047666,-119.547674,2018-06-12 21:00:00,2018-06-13 02:00:00,0,2.34977165487103,1.27931490324232,1.0492841045877,247.604543462321,9.96091912897163,0.0219329701575288,0.0219329701575288,1009.21509791822,1010.20211656087,16.9893537555348,288.971735600458,13.7228125619544,0.00473851194659595,-31.2419628267983,0.00473851194659595
"2018-06-12_SMI_PI","SMI","PI",34.056323,-120.332024,2018-06-12 20:55:00,2018-06-13 02:00:00,0,3.8658153140492,-3.22809546270372,1.71392584145838,271.15639876753,9.68840282271567,0.395971713269868,0.395971713269868,1009.34499572053,1008.78082874005,14.4977381564918,286.99812443324,12.2600237756196,0.00511716884494714,-27.9019057729384,0.00511716884494714
"2018-06-13_SCI_SR","SCI","SR",34.047666,-119.547674,2018-06-13 09:00:00,2018-06-14 02:02:00,7.55753847988454e-08,3.08538283383199,1.46313698148989,1.09630562064311,255.066378221699,9.48590206236583,0.193988243769511,0.193988243769511,1009.54738268014,1010.53711454635,16.8143677322089,288.474683548337,14.0413181981057,0.00145467766802306,19.456138526834,0.00145467766802306
"2018-06-13_SMI_PI","SMI","PI",34.056323,-120.332024,2018-06-13 20:53:00,2018-06-14 02:00:00,4.16676786725789e-07,5.70644484919238,-5.06328195154419,1.92157761841782,285.824340236288,8.79631373071876,0.132284497886561,0.132284497886561,1009.49844431568,1008.92989812385,13.9876028406013,286.674804667808,12.5816875951313,0.00275288723866417,-21.1158604613627,0.00275288723866417
"2018-07-06_SBI_ESP","SBI","ESP",33.482528,-119.041599,2018-07-06 21:06:00,2018-07-07 00:29:00,0,4.71599211631762,-5.18130634405596,2.00975495126441,276.773743663447,7.31984122982024,0,0,1008.22897699823,1010.13126100209,19.9257643811133,296.703083740521,16.7600627819131,0.406097774483934,-27.6905444148877,0.406097774483934
"2018-07-07_SBI_ESP","SBI","ESP",33.482528,-119.041599,2018-07-07 21:00:00,2018-07-08 02:00:00,0,-0.490071105126564,-0.0939104472547492,1.32667879246135,254.264981341052,8.70996040474131,0.0178383409885096,0,1010.05361225451,1012.01607045941,20.3140527224039,294.010990818547,19.5400219766053,0.300264117981478,-26.5178951570899,0.300264117981478
"2018-07-08_SBI_AP","SBI","AP",33.487622,-119.028535,2018-07-08 21:00:00,2018-07-09 01:05:00,0,0.145909738615595,1.94438724528397,1.20305154498336,238.306258280605,9.59264925064551,0.52931856214935,0,1011.76667943695,1013.74489449972,20.6230160083152,293.835551367161,19.6771859461848,0.202669391019319,-29.7948879326915,0.202669391019319
"2018-07-10_SMI_PI","SMI","PI",34.056323,-120.332024,2018-07-10 20:48:00,2018-07-11 02:05:00,0,4.52760487590321,-4.34820630414936,1.48015754048109,284.498842750459,7.7638948680029,0.66678238444753,0.00246059237330811,1012.64725016404,1012.08405611009,18.1750717613168,290.742129127617,14.688144278403,0.0518393238004725,-28.0979546036775,0.0518393238004725
"2018-07-11_SCI_SR","SCI","SR",34.047666,-119.547674,2018-07-11 21:00:00,2018-07-12 02:00:00,1.49576282414364e-07,4.46086497808378,0.272333434379008,0.91697335006488,254.488735542194,7.34766392296011,0.714919709662816,0.121579967344697,1012.16798612595,1013.15844436518,20.8805031514021,292.435738963486,16.6606994650328,0.0113391829333459,-29.880515489695,0.0113391829333459
"2018-07-11_SMI_PI","SMI","PI",34.056323,-120.332024,2018-07-11 20:40:00,2018-07-12 02:02:00,2.18194401971998e-06,5.63657317197141,-3.9706319161632,1.31921813255039,274.043601429348,7.64205264939842,0.945081104176522,0.930267956602017,1012.61624948022,1012.0469730279,17.8311359174481,289.013671531326,14.6600354720732,0.0113994673169097,-26.5349072638402,0.0113994673169097
"2018-08-06_SCI_SR","SCI","SR",34.047666,-119.547674,2018-08-06 22:05:00,2018-08-07 02:03:00,0,-0.193071130778535,-0.585262912838743,1.14254604911751,284.907664805316,6.69737951666959,0,0,1006.98930727967,1007.92553777613,21.7213984052723,296.190096933064,18.4211338652035,0.23091203243457,-15.5651424691761,0.23091203243457
"2018-08-08_SCI_SR","SCI","SR",34.047666,-119.547674,2018-08-08 21:02:00,2018-08-09 02:00:00,7.47881412071818e-08,2.63510126457303,1.27954777170942,0.856911504228445,227.491188064451,8.76601198385003,0.0546493115427851,0.0546493115427851,1012.01406592544,1012.98517500725,21.8627715473502,293.015406649499,19.3468155271158,0.0690857704061027,-30.183718591658,0.0690857704061027
"2018-08-09_SMI_PI","SMI","PI",34.056323,-120.332024,2018-08-09 20:40:00,2018-08-10 02:01:00,0,3.67753227331913,-1.31597505404461,1.24620584670408,208.002459169429,9.68992523387171,0.0655347305937467,0.00293363648848672,1014.08083835863,1013.5161080057,19.1092626460619,290.017009290904,15.2389192629928,0.0202674203814327,-28.0319374343899,0.0202674203814327
"2018-08-10_SMI_PI","SMI","PI",34.056323,-120.332024,2018-08-10 20:26:00,2018-08-11 02:00:00,0,3.46645265720413,-2.89675690094227,1.17029623249027,202.216844959249,9.25574575145895,0.00758178540364615,6.32178771436874e-05,1015.20970316891,1014.64649708925,19.5642251864042,290.868488681594,15.8653966295967,0.000538671304215738,-26.9142920126051,0.000538671304215738
"2018-08-11_SMI_PI","SMI","PI",34.056323,-120.332024,2018-08-11 20:30:00,2018-08-12 02:02:00,0,5.958642818522,-3.27879425468408,1.26034265288281,238.884086127065,7.44016875081855,0.09489779958189,0.0738435215845452,1013.63081262494,1013.0638556338,19.6398748948526,290.67551479107,15.4834921479747,0.0112028876379604,-25.8344924277448,0.0112028876379604
"2018-08-13_SBI_AP","SBI","AP",33.487622,-119.028535,2018-08-13 21:10:00,2018-08-14 02:10:00,1.41029066276425e-07,4.3648160246082,-1.45738027232646,1.1100240962435,229.301993430884,8.29328147837488,0.182710564579241,0.160579947725355,1012.75540990662,1014.75355433522,21.986548433852,292.659022532128,16.6688656549625,0.116677343519818,-24.7656141296341,0.116677343519818
"2018-08-14_SBI_AP","SBI","AP",33.487622,-119.028535,2018-08-14 21:08:00,2018-08-15 01:50:00,0,5.34203153832428,-1.17302292380272,1.24305266376903,261.32872792344,7.24153164776412,0.00117498054415333,0.00117498054415333,1011.55333696064,1013.54711806138,21.8894497412881,292.968769381089,17.1505107394456,0.198115035201206,-13.9551740145034,0.198115035201206
"2018-08-15_SBI_ESP","SBI","ESP",33.482528,-119.041599,2018-08-15 21:00:00,2018-08-16 02:11:00,0,2.84322276742706,-0.183223821119111,1.14040431760932,252.7039921847,8.38891975317349,0.0865845124920705,0.0864057584946298,1013.44088830246,1015.43090792589,21.728812956513,293.374601236784,17.5338813323723,0.295415449769698,-13.129232951439,0.295415449769698
